{"cameraMode":{"drawMode":0,"name":"Shaded","section":"Shading Mode"},"sceneLighting":false,"audioPlay":false,"sceneViewState":{"m_AlwaysRefresh":false,"showFog":true,"showSkybox":false,"showFlares":true,"showImageEffects":true,"showParticleSystems":true,"showVisualEffectGraphs":true,"m_FxEnabled":true},"in2DMode":false,"pivot":{"x":0.015750013291835786,"y":0.06675300002098084,"z":0.4887353181838989},"rotation":{"x":0.04330558329820633,"y":0.24532310664653779,"z":0.01097822654992342,"w":-0.9684339165687561},"size":0.6008433103561401,"orthographic":false}