{"cameraMode":{"drawMode":0,"name":"Shaded","section":"Shading Mode"},"sceneLighting":false,"audioPlay":false,"sceneViewState":{"m_AlwaysRefresh":false,"showFog":true,"showSkybox":false,"showFlares":true,"showImageEffects":true,"showParticleSystems":true,"showVisualEffectGraphs":true,"m_FxEnabled":true},"in2DMode":false,"pivot":{"x":-4.645059585571289,"y":1.2858375310897828,"z":1.0156114101409913},"rotation":{"x":-0.04491664096713066,"y":0.12910927832126618,"z":-0.00585086178034544,"w":-0.9906191825866699},"size":0.4427805542945862,"orthographic":false}