{"cameraMode":{"drawMode":0,"name":"Shaded","section":"Shading Mode"},"sceneLighting":false,"audioPlay":false,"sceneViewState":{"m_AlwaysRefresh":false,"showFog":true,"showSkybox":false,"showFlares":true,"showImageEffects":true,"showParticleSystems":true,"showVisualEffectGraphs":true,"m_FxEnabled":true},"in2DMode":false,"pivot":{"x":-0.6808037757873535,"y":0.06746885180473328,"z":0.5564085245132446},"rotation":{"x":0.029345916584134103,"y":-0.6941319704055786,"z":0.028344450518488885,"w":0.7187073826789856},"size":2.5958259105682375,"orthographic":false}