{"cameraMode":{"drawMode":0,"name":"Shaded","section":"Shading Mode"},"sceneLighting":false,"audioPlay":false,"sceneViewState":{"m_AlwaysRefresh":false,"showFog":true,"showSkybox":false,"showFlares":true,"showImageEffects":true,"showParticleSystems":true,"showVisualEffectGraphs":true,"m_FxEnabled":true},"in2DMode":false,"pivot":{"x":-3.3916404247283937,"y":-0.05353081226348877,"z":1.022047519683838},"rotation":{"x":0.12189803272485733,"y":-0.40276700258255007,"z":0.05422026291489601,"w":0.9055396914482117},"size":2.5958259105682375,"orthographic":false}