{"cameraMode":{"drawMode":0,"name":"Shaded","section":"Shading Mode"},"sceneLighting":false,"audioPlay":false,"sceneViewState":{"m_AlwaysRefresh":false,"showFog":true,"showSkybox":false,"showFlares":true,"showImageEffects":true,"showParticleSystems":true,"showVisualEffectGraphs":true,"m_FxEnabled":true},"in2DMode":false,"pivot":{"x":1.4901161193847657e-8,"y":0.0019999928772449495,"z":0.4172499179840088},"rotation":{"x":-0.0709279403090477,"y":0.559367299079895,"z":-0.04811416566371918,"w":-0.824504554271698},"size":0.6491514444351196,"orthographic":false}