{"cameraMode":{"drawMode":0,"name":"Shaded","section":"Shading Mode"},"sceneLighting":true,"audioPlay":false,"sceneViewState":{"m_AlwaysRefresh":false,"showFog":true,"showSkybox":true,"showFlares":true,"showImageEffects":true,"showParticleSystems":true,"showVisualEffectGraphs":true,"m_FxEnabled":true},"in2DMode":false,"pivot":{"x":0.11156609654426575,"y":1.6675101518630982,"z":-0.32369351387023928},"rotation":{"x":0.04009024426341057,"y":0.066494420170784,"z":0.002674710238352418,"w":-0.9969789981842041},"size":1.7660253047943116,"orthographic":false}